{
	"type": "object",
	"properties": {
		"categories": {
			"type": "array",
			"items": {
				"type": "object",
				"properties": {
					"id": {
						"type": "string"
					},
					"claiming": {
						"type": "boolean"
					},
					"image": {
						"type": [
							"string",
							"null"
						]
					},
					"max_per_member": {
						"type": "number"
					},
					"name": {
						"type": "string"
					},
					"name_format": {
						"type": "string"
					},
					"opening_message": {
						"type": "string"
					},
					"opening_questions": {
						"type": [
							"array",
							"null"
						],
						"items": {
							"type": "string"
						}
					},
					"ping": {
						"type": [
							"array",
							"null"
						],
						"items": {
							"type": "string"
						}
					},
					"require_topic": {
						"type": "boolean"
					},
					"roles": {
						"type": "array",
						"items": {
							"type": "string"
						}
					},
					"survey": {
						"type": [
							"string",
							"null"
						]
					}
				},
				"required": [
					"name",
					"roles"
				]
			}
		},
		"colour": {
			"type": "string"
		},
		"command_prefix": {
			"type": "string"
		},
		"error_colour": {
			"type": "string"
		},
		"footer": {
			"type": "string"
		},
		"locale": {
			"type": "string"
		},
		"log_messages": {
			"type": "boolean"
		},
		"success_colour": {
			"type": "string"
		},
		"surveys": {
			"type": "object"
		},
		"tags": {
			"type": "object"
		}
	},
	"required": [
		"categories",
		"colour",
		"command_prefix",
		"error_colour",
		"footer",
		"locale",
		"log_messages",
		"success_colour",
		"surveys",
		"tags"
	]
}
